scope,vac_mv,f1_matlab_hz,p1_matlab_mv,f2_matlab_hz,p2_matlab_mv,hd2_matlab_pct,f1_rigorous_hz,p1_rigorous_mv,f2_rigorous_hz,p2_rigorous_mv,hd2_rigorous_pct
175,20.0,420078.76,1.4059,840157.53,0.0093,0.662,417812.50,1.4975,830156.25,0.0126,0.840
176,40.0,419885.41,2.5559,839770.83,0.0075,0.294,417779.35,2.7416,836027.40,0.0279,1.017
177,60.0,420078.76,3.6065,830155.65,0.0448,1.241,417812.50,3.9341,838125.00,0.0681,1.730
178,80.0,420078.76,4.5782,830155.65,0.0853,1.864,417812.50,4.9833,835937.50,0.1013,2.032
174,100.0,420078.76,5.5218,830155.65,0.1251,2.265,417812.50,5.9940,835625.00,0.1457,2.431
179,120.0,420078.76,5.6354,830155.65,0.1300,2.306,417812.50,6.1228,835937.50,0.1632,2.666
180,140.0,420078.76,6.2849,830155.65,0.1675,2.665,417812.50,6.8689,835625.00,0.2262,3.294
181,160.0,419885.41,7.4653,839770.83,0.1679,2.250,417779.35,7.9919,835402.45,0.2805,3.510
182,180.0,420078.76,7.9338,830155.65,0.2398,3.022,417812.50,8.6593,835625.00,0.3304,3.815
183,200.0,420078.76,8.4079,830155.65,0.2618,3.113,417812.50,9.1538,835937.50,0.3794,4.145
184,300.0,419885.41,15.3582,839770.83,0.6494,4.229,417779.35,16.4243,835871.17,0.9592,5.840
185,400.0,420078.76,18.8668,840157.53,1.1671,6.186,417812.50,20.5144,836250.00,1.6754,8.167
186,500.0,420078.76,20.9980,840157.53,1.6855,8.027,417812.50,22.8701,836562.50,2.2675,9.915
187,600.0,420078.76,21.5295,840157.53,1.8584,8.632,417812.50,23.4476,836562.50,2.4555,10.472
188,700.0,420078.76,22.8470,840157.53,2.0876,9.137,417812.50,24.8951,836562.50,2.7755,11.149
189,800.0,420078.76,25.8616,840157.53,2.6246,10.149,417812.50,28.1403,836562.50,3.4568,12.284
