Scope,Frequenza_in_Hz,A0_mV,A_taglio_mV,Tau_ms,Offset_DC_mV,Rumore_Sigma_mV,f_Hilbert_Hz,f_SineFit_Hz,f_FFT_pad_Hz,f_SineFit_err_Hz,Chirp_Hz_s,Delta_f_intra_Hz
17,417260.0,4.5687,4.5257,2.1154,9.3918,0.9187,417850.13,417854.14,417852.96,1.167,-23389.8,-57.295
16,417460.0,6.8458,6.7864,2.2963,9.4549,1.1171,417851.90,417851.96,417852.96,0.697,-5462.1,-13.380
15,417560.0,10.4838,10.3968,2.3996,9.3717,1.2558,417855.01,417854.09,417852.96,0.465,4181.1,10.242
14,417660.0,13.6342,13.5137,2.2534,9.3741,1.4333,417855.95,417855.61,417852.96,0.371,7250.3,17.760
13,417710.0,20.8990,20.7183,2.3028,9.4027,2.4233,417851.85,417852.09,417852.96,0.278,583.1,1.428
12,417760.0,30.0471,29.7851,2.2832,9.3939,3.2187,417850.73,417850.20,417852.96,0.247,2926.7,7.169
11,417770.0,31.2163,30.9483,2.3200,9.4503,3.3643,417851.67,417851.17,417852.96,0.251,343.2,0.841
10,417780.0,32.6307,32.3492,2.3082,9.4075,3.6004,417851.00,417850.77,417852.96,0.247,-1217.3,-2.982
9,417790.0,33.5623,33.2774,2.3464,9.3700,3.6787,417850.18,417849.92,417852.96,0.252,208.1,0.510
8,417800.0,34.5175,34.2235,2.3379,9.4174,3.6048,417849.21,417849.01,417846.58,0.254,-1340.0,-3.283
7,417810.0,35.2963,34.9948,2.3321,9.4167,3.5786,417848.73,417848.27,417846.58,0.259,558.2,1.367
6,417820.0,36.0323,35.7233,2.3218,9.4357,3.9119,417848.33,417847.27,417846.58,0.257,5343.5,13.089
5,417830.0,36.1269,35.8186,2.3333,9.4398,4.1365,417847.56,417846.91,417846.58,0.258,2389.3,5.853
18,417840.0,36.0427,35.7372,2.3497,9.3515,3.9279,417843.74,417843.13,417846.58,0.256,4916.2,12.043
19,417850.0,35.9879,35.6790,2.3197,9.3604,3.8411,417845.46,417844.53,417846.58,0.256,5551.6,13.599
20,417860.0,35.4439,35.1396,2.3201,9.3385,4.0380,417845.13,417844.05,417846.58,0.252,5995.7,14.687
21,417870.0,34.6541,34.3575,2.3266,9.4012,3.6240,417844.09,417843.75,417846.58,0.246,4625.1,11.330
22,417880.0,33.8496,33.5593,2.3225,9.3774,3.6343,417844.84,417844.21,417846.58,0.246,4947.7,12.120
23,417890.0,32.7449,32.4643,2.3243,9.4581,3.5044,417844.60,417843.86,417846.58,0.253,8623.8,21.125
24,417900.0,31.7278,31.4551,2.3172,9.3996,3.4499,417846.12,417845.70,417846.58,0.243,5430.4,13.302
25,417950.0,24.3863,24.1752,2.3005,9.3618,2.5937,417849.05,417848.90,417846.58,0.248,5008.8,12.269
26,418000.0,16.3247,16.1844,2.3156,9.4105,2.0169,417849.84,417849.36,417852.96,0.297,7715.4,18.900
27,418100.0,10.6929,10.6029,2.3656,9.4146,1.2803,417851.84,417852.37,417852.96,0.442,3514.8,8.610
28,418200.0,8.2583,8.1880,2.3397,9.4126,1.0932,417852.91,417853.44,417852.96,0.543,2434.6,5.964
29,418400.0,5.4806,5.4327,2.2769,9.4376,0.9664,417855.78,417854.53,417852.96,0.831,14127.9,34.607
